name,start_time,end_time,report,fuel_type,fuel_price,availability,consider_availability
"Fuel_ALMENDRADO_Diesel",1970-01-01-00:00,2050-01-01-00:00,true,coal,100,1e+100,false
"Fuel_ANCALI_1_Biogas",1970-01-01-00:00,2050-01-01-00:00,true,coal,100,1e+100,false
"Fuel_ANDES_U1_DIE_Diesel",1970-01-01-00:00,2050-01-01-00:00,true,coal,100,1e+100,false
"Fuel_ANDES_U2_DIE_Diesel",1970-01-01-00:00,2050-01-01-00:00,true,coal,100,1e+100,false
"Fuel_ANDES_U3_DIE_Diesel",1970-01-01-00:00,2050-01-01-00:00,true,coal,100,1e+100,false
"Fuel_ANDES_U4_DIE_Diesel",1970-01-01-00:00,2050-01-01-00:00,true,coal,100,1e+100,false
"Fuel_ANTILHUE_U1_Diesel",1970-01-01-00:00,2050-01-01-00:00,true,coal,100,1e+100,false
"Fuel_ANTILHUE_U2_Diesel",1970-01-01-00:00,2050-01-01-00:00,true,coal,100,1e+100,false
"Fuel_ARAUCO_Biomasa",1970-01-01-00:00,2050-01-01-00:00,true,coal,100,1e+100,false
"Fuel_BIO_CRUZ_GN",1970-01-01-00:00,2050-01-01-00:00,true,coal,100,1e+100,false
"Fuel_CALLECALLE_Diesel",1970-01-01-00:00,2050-01-01-00:00,true,coal,100,1e+100,false
"Fuel_CAMPICHE_Carbon",1970-01-01-00:00,2050-01-01-00:00,true,coal,100,1e+100,false
"Fuel_CANETE_Diesel",1970-01-01-00:00,2050-01-01-00:00,true,coal,100,1e+100,false
"Fuel_CARDONES_Diesel",1970-01-01-00:00,2050-01-01-00:00,true,coal,100,1e+100,false
"Fuel_CASABLANCA_1_Diesel",1970-01-01-00:00,2050-01-01-00:00,true,coal,100,1e+100,false
"Fuel_CASABLANCA_2_Diesel",1970-01-01-00:00,2050-01-01-00:00,true,coal,100,1e+100,false
"Fuel_CELCO_BL1_Biomasa",1970-01-01-00:00,2050-01-01-00:00,true,coal,100,1e+100,false
"Fuel_CELCO_BL2_fuel_oil",1970-01-01-00:00,2050-01-01-00:00,true,coal,100,1e+100,false
"Fuel_CEMENTOS_BIOBIO_DIE_Diesel",1970-01-01-00:00,2050-01-01-00:00,true,coal,100,1e+100,false
"Fuel_CENIZAS_Diesel",1970-01-01-00:00,2050-01-01-00:00,true,coal,100,1e+100,false
"Fuel_CORTES_Diesel",1970-01-01-00:00,2050-01-01-00:00,true,coal,100,1e+100,false
"Fuel_AGNI_Diesel",1970-01-01-00:00,2050-01-01-00:00,true,coal,100,1e+100,false
"Fuel_CERN_LEPANTO_Diesel",1970-01-01-00:00,2050-01-01-00:00,true,coal,100,1e+100,false
"Fuel_CHILE_GENERACION_Diesel",1970-01-01-00:00,2050-01-01-00:00,true,coal,100,1e+100,false
"Fuel_CHILOE_Diesel",1970-01-01-00:00,2050-01-01-00:00,true,coal,100,1e+100,false
"Fuel_CHOLGUAN_BL1_Biomasa",1970-01-01-00:00,2050-01-01-00:00,true,coal,100,1e+100,false
"Fuel_CHOLGUAN_BL2_Diesel",1970-01-01-00:00,2050-01-01-00:00,true,coal,100,1e+100,false
"Fuel_CHUFKEN_Diesel",1970-01-01-00:00,2050-01-01-00:00,true,coal,100,1e+100,false
"Fuel_CHUYACA_Diesel",1970-01-01-00:00,2050-01-01-00:00,true,coal,100,1e+100,false
"Fuel_CMPC_SANTA_FE_Biomasa",1970-01-01-00:00,2050-01-01-00:00,true,coal,100,1e+100,false
"Fuel_CMPC_TISSUE_GN",1970-01-01-00:00,2050-01-01-00:00,true,coal,100,1e+100,false
"Fuel_COELEMU_Diesel",1970-01-01-00:00,2050-01-01-00:00,true,coal,100,1e+100,false
"Fuel_COLIHUES_U1_HFO_fuel_oil",1970-01-01-00:00,2050-01-01-00:00,true,coal,100,1e+100,false
"Fuel_COLIHUES_U2_HFO_fuel_oil",1970-01-01-00:00,2050-01-01-00:00,true,coal,100,1e+100,false
"Fuel_COMBARBALA_Diesel",1970-01-01-00:00,2050-01-01-00:00,true,coal,100,1e+100,false
"Fuel_CONSTITUCION-EGEN_Diesel",1970-01-01-00:00,2050-01-01-00:00,true,coal,100,1e+100,false
"Fuel_CONTULMO_Diesel",1970-01-01-00:00,2050-01-01-00:00,true,coal,100,1e+100,false
"Fuel_CURACAUTIN_Diesel",1970-01-01-00:00,2050-01-01-00:00,true,coal,100,1e+100,false
"Fuel_CURAUMA_Diesel",1970-01-01-00:00,2050-01-01-00:00,true,coal,100,1e+100,false
"Fuel_DANISCO_Diesel",1970-01-01-00:00,2050-01-01-00:00,true,coal,100,1e+100,false
"Fuel_DEGAN_Diesel",1970-01-01-00:00,2050-01-01-00:00,true,coal,100,1e+100,false
"Fuel_DEGAN_2_NAVE4_Diesel",1970-01-01-00:00,2050-01-01-00:00,true,coal,100,1e+100,false
"Fuel_DEGAN_2_NAVE5_Diesel",1970-01-01-00:00,2050-01-01-00:00,true,coal,100,1e+100,false
"Fuel_DIEGO_DE_ALMAGRO_Diesel",1970-01-01-00:00,2050-01-01-00:00,true,coal,100,1e+100,false
"Fuel_EL_CAMPESINO_BIOGAS_Biogas",1970-01-01-00:00,2050-01-01-00:00,true,coal,100,1e+100,false
"Fuel_EL_CANELO_1_Diesel",1970-01-01-00:00,2050-01-01-00:00,true,coal,100,1e+100,false
"Fuel_EL_CANELO_2_Diesel",1970-01-01-00:00,2050-01-01-00:00,true,coal,100,1e+100,false
"Fuel_EL_MOLLE_Diesel",1970-01-01-00:00,2050-01-01-00:00,true,coal,100,1e+100,false
"Fuel_EL_NOGAL_Diesel",1970-01-01-00:00,2050-01-01-00:00,true,coal,100,1e+100,false
"Fuel_EL_PENON_Diesel",1970-01-01-00:00,2050-01-01-00:00,true,coal,100,1e+100,false
"Fuel_EL_SALVADOR_Diesel",1970-01-01-00:00,2050-01-01-00:00,true,coal,100,1e+100,false
"Fuel_EMELDA_U1_Diesel",1970-01-01-00:00,2050-01-01-00:00,true,coal,100,1e+100,false
"Fuel_EMELDA_U2_Diesel",1970-01-01-00:00,2050-01-01-00:00,true,coal,100,1e+100,false
"Fuel_ENERGIA_PACIFICO_Biomasa",1970-01-01-00:00,2050-01-01-00:00,true,coal,100,1e+100,false
"Fuel_ERMITANO_Diesel",1970-01-01-00:00,2050-01-01-00:00,true,coal,100,1e+100,false
"Fuel_ESCUADRON_Biomasa",1970-01-01-00:00,2050-01-01-00:00,true,coal,100,1e+100,false
"Fuel_ESPERANZA_TG1_Diesel",1970-01-01-00:00,2050-01-01-00:00,true,coal,100,1e+100,false
"Fuel_ESPERANZA_DS1_Diesel",1970-01-01-00:00,2050-01-01-00:00,true,coal,100,1e+100,false
"Fuel_ESPERANZA_DS2_Diesel",1970-01-01-00:00,2050-01-01-00:00,true,coal,100,1e+100,false
"Fuel_ESPINOS_BL1_Diesel",1970-01-01-00:00,2050-01-01-00:00,true,coal,100,1e+100,false
"Fuel_ESPINOS_BL2_Diesel",1970-01-01-00:00,2050-01-01-00:00,true,coal,100,1e+100,false
"Fuel_ESTANCILLA_Diesel",1970-01-01-00:00,2050-01-01-00:00,true,coal,100,1e+100,false
"Fuel_GUACOLDA_1_Carbon",1970-01-01-00:00,2050-01-01-00:00,true,coal,100,1e+100,false
"Fuel_GUACOLDA_2_Carbon",1970-01-01-00:00,2050-01-01-00:00,true,coal,100,1e+100,false
"Fuel_GUACOLDA_3_Carbon",1970-01-01-00:00,2050-01-01-00:00,true,coal,100,1e+100,false
"Fuel_GUACOLDA_4_Carbon",1970-01-01-00:00,2050-01-01-00:00,true,coal,100,1e+100,false
"Fuel_GUACOLDA_5_Carbon",1970-01-01-00:00,2050-01-01-00:00,true,coal,100,1e+100,false
"Fuel_HBS_GN",1970-01-01-00:00,2050-01-01-00:00,true,coal,100,1e+100,false
"Fuel_HBS_GNL_GN",1970-01-01-00:00,2050-01-01-00:00,true,coal,100,1e+100,false
"Fuel_HORCONES_DIE_Diesel",1970-01-01-00:00,2050-01-01-00:00,true,coal,100,1e+100,false
"Fuel_HUASCO-TG_U1_DIE_Diesel",1970-01-01-00:00,2050-01-01-00:00,true,coal,100,1e+100,false
"Fuel_HUASCO-TG_U2_DIE_Diesel",1970-01-01-00:00,2050-01-01-00:00,true,coal,100,1e+100,false
"Fuel_HUASCO-TG_U3_DIE_Diesel",1970-01-01-00:00,2050-01-01-00:00,true,coal,100,1e+100,false
"Fuel_LAJA-EVE_1_Biomasa",1970-01-01-00:00,2050-01-01-00:00,true,coal,100,1e+100,false
"Fuel_LAJA-EVE_2_Biomasa",1970-01-01-00:00,2050-01-01-00:00,true,coal,100,1e+100,false
"Fuel_CMPC_LAJA_BL1_Biomasa",1970-01-01-00:00,2050-01-01-00:00,true,coal,100,1e+100,false
"Fuel_CMPC_LAJA_BL2_Biomasa",1970-01-01-00:00,2050-01-01-00:00,true,coal,100,1e+100,false
"Fuel_CMPC_LAJA_BL3_Biomasa",1970-01-01-00:00,2050-01-01-00:00,true,coal,100,1e+100,false
"Fuel_LAS_VEGAS_Diesel",1970-01-01-00:00,2050-01-01-00:00,true,coal,100,1e+100,false
"Fuel_LAUTARO_1_BL1_Biomasa",1970-01-01-00:00,2050-01-01-00:00,true,coal,100,1e+100,false
"Fuel_LAUTARO_1_BL2_Biomasa",1970-01-01-00:00,2050-01-01-00:00,true,coal,100,1e+100,false
"Fuel_LAUTARO_2_BL1_Biomasa",1970-01-01-00:00,2050-01-01-00:00,true,coal,100,1e+100,false
"Fuel_LAUTARO_2_BL2_Biomasa",1970-01-01-00:00,2050-01-01-00:00,true,coal,100,1e+100,false
"Fuel_LEBU_Diesel",1970-01-01-00:00,2050-01-01-00:00,true,coal,100,1e+100,false
"Fuel_LINARES_Diesel",1970-01-01-00:00,2050-01-01-00:00,true,coal,100,1e+100,false
"Fuel_LONQUIMAY_Diesel",1970-01-01-00:00,2050-01-01-00:00,true,coal,100,1e+100,false
"Fuel_LOS_ALAMOS_Diesel",1970-01-01-00:00,2050-01-01-00:00,true,coal,100,1e+100,false
"Fuel_LOMA_LOS_COLORADOS_1_Biogas",1970-01-01-00:00,2050-01-01-00:00,true,coal,100,1e+100,false
"Fuel_LOMA_LOS_COLORADOS_2_Biogas",1970-01-01-00:00,2050-01-01-00:00,true,coal,100,1e+100,false
"Fuel_LOS_GUINDOS_Diesel",1970-01-01-00:00,2050-01-01-00:00,true,coal,100,1e+100,false
"Fuel_LOS_GUINDOS_2_Diesel",1970-01-01-00:00,2050-01-01-00:00,true,coal,100,1e+100,false
"Fuel_LOS_PINOS_Diesel",1970-01-01-00:00,2050-01-01-00:00,true,coal,100,1e+100,false
"Fuel_LOS_PINOS_BIOGAS-ETAPA_1_Biogas",1970-01-01-00:00,2050-01-01-00:00,true,coal,100,1e+100,false
"Fuel_LOUISIANA_PACIFIC_Diesel",1970-01-01-00:00,2050-01-01-00:00,true,coal,100,1e+100,false
"Fuel_LOUISIANA_PACIFIC_2_Diesel",1970-01-01-00:00,2050-01-01-00:00,true,coal,100,1e+100,false
"Fuel_MASISA_Biomasa",1970-01-01-00:00,2050-01-01-00:00,true,coal,100,1e+100,false
"Fuel_MAULE_Diesel",1970-01-01-00:00,2050-01-01-00:00,true,coal,100,1e+100,false
"Fuel_MOLINA_Biogas",1970-01-01-00:00,2050-01-01-00:00,true,coal,100,1e+100,false
"Fuel_MONTE_PATRIA_Diesel",1970-01-01-00:00,2050-01-01-00:00,true,coal,100,1e+100,false
"Fuel_MULTIEXPORT_I_Diesel",1970-01-01-00:00,2050-01-01-00:00,true,coal,100,1e+100,false
"Fuel_MULTIEXPORT_II_Diesel",1970-01-01-00:00,2050-01-01-00:00,true,coal,100,1e+100,false
"Fuel_NUEVA_ALDEA_1_BL1_Biomasa",1970-01-01-00:00,2050-01-01-00:00,true,coal,100,1e+100,false
"Fuel_NUEVA_ALDEA_1_BL2_Biomasa",1970-01-01-00:00,2050-01-01-00:00,true,coal,100,1e+100,false
"Fuel_NUEVA_ALDEA_2_Diesel",1970-01-01-00:00,2050-01-01-00:00,true,coal,100,1e+100,false
"Fuel_NUEVA_ALDEA_3_Biomasa",1970-01-01-00:00,2050-01-01-00:00,true,coal,100,1e+100,false
"Fuel_NUEVA_VENTANAS_Carbon",1970-01-01-00:00,2050-01-01-00:00,true,coal,100,1e+100,false
"Fuel_OLIVOS_BL1_Diesel",1970-01-01-00:00,2050-01-01-00:00,true,coal,100,1e+100,false
"Fuel_OLIVOS_BL2_Diesel",1970-01-01-00:00,2050-01-01-00:00,true,coal,100,1e+100,false
"Fuel_ORAFTI_Biomasa",1970-01-01-00:00,2050-01-01-00:00,true,coal,100,1e+100,false
"Fuel_CMPC_PACIFICO_BL1_Biomasa",1970-01-01-00:00,2050-01-01-00:00,true,coal,100,1e+100,false
"Fuel_CMPC_PACIFICO_BL2_Biomasa",1970-01-01-00:00,2050-01-01-00:00,true,coal,100,1e+100,false
"Fuel_CMPC_PACIFICO_BL3_fuel_oil",1970-01-01-00:00,2050-01-01-00:00,true,coal,100,1e+100,false
"Fuel_PAJONALES_Diesel",1970-01-01-00:00,2050-01-01-00:00,true,coal,100,1e+100,false
"Fuel_PETROPOWER_Petcoke",1970-01-01-00:00,2050-01-01-00:00,true,coal,100,1e+100,false
"Fuel_PLACILLA_Diesel",1970-01-01-00:00,2050-01-01-00:00,true,coal,100,1e+100,false
"Fuel_PMGD_CONCHALI_Diesel",1970-01-01-00:00,2050-01-01-00:00,true,coal,100,1e+100,false
"Fuel_PRIME_LOS_CONDORES_Diesel",1970-01-01-00:00,2050-01-01-00:00,true,coal,100,1e+100,false
"Fuel_PUNITAQUI_Diesel",1970-01-01-00:00,2050-01-01-00:00,true,coal,100,1e+100,false
"Fuel_PUNTA_COLORADA_DIE_Diesel",1970-01-01-00:00,2050-01-01-00:00,true,coal,100,1e+100,false
"Fuel_QUELLON_2_Diesel",1970-01-01-00:00,2050-01-01-00:00,true,coal,100,1e+100,false
"Fuel_QUINTAY_Diesel",1970-01-01-00:00,2050-01-01-00:00,true,coal,100,1e+100,false
"Fuel_RAMADILLA_Diesel",1970-01-01-00:00,2050-01-01-00:00,true,coal,100,1e+100,false
"Fuel_RASO_POWER_Diesel",1970-01-01-00:00,2050-01-01-00:00,true,coal,100,1e+100,false
"Fuel_RASO_POWER_AMPL_Diesel",1970-01-01-00:00,2050-01-01-00:00,true,coal,100,1e+100,false
"Fuel_RASO_POWER_AMPL_3Y4_Diesel",1970-01-01-00:00,2050-01-01-00:00,true,coal,100,1e+100,false
"Fuel_RENCA_U1_Diesel",1970-01-01-00:00,2050-01-01-00:00,true,coal,100,1e+100,false
"Fuel_RENCA_U2_Diesel",1970-01-01-00:00,2050-01-01-00:00,true,coal,100,1e+100,false
"Fuel_REY_EX_CORRAL_Diesel",1970-01-01-00:00,2050-01-01-00:00,true,coal,100,1e+100,false
"Fuel_SALMOFOOD_I_Diesel",1970-01-01-00:00,2050-01-01-00:00,true,coal,100,1e+100,false
"Fuel_SALMOFOOD_II_Diesel",1970-01-01-00:00,2050-01-01-00:00,true,coal,100,1e+100,false
"Fuel_SAN_GREGORIO_Diesel",1970-01-01-00:00,2050-01-01-00:00,true,coal,100,1e+100,false
"Fuel_SAN_JAVIER_ETAPA_I_Diesel",1970-01-01-00:00,2050-01-01-00:00,true,coal,100,1e+100,false
"Fuel_SAN_JAVIER_ETAPA_II_Diesel",1970-01-01-00:00,2050-01-01-00:00,true,coal,100,1e+100,false
"Fuel_SAN_LORENZO_U1_Diesel",1970-01-01-00:00,2050-01-01-00:00,true,coal,100,1e+100,false
"Fuel_SAN_LORENZO_U2_Diesel",1970-01-01-00:00,2050-01-01-00:00,true,coal,100,1e+100,false
"Fuel_SAN_LORENZO_U3_Diesel",1970-01-01-00:00,2050-01-01-00:00,true,coal,100,1e+100,false
"Fuel_SANTA_FE_BL1_Biomasa",1970-01-01-00:00,2050-01-01-00:00,true,coal,100,1e+100,false
"Fuel_SANTA_FE_BL2_Biomasa",1970-01-01-00:00,2050-01-01-00:00,true,coal,100,1e+100,false
"Fuel_SANTA_FE_BL3_Biomasa",1970-01-01-00:00,2050-01-01-00:00,true,coal,100,1e+100,false
"Fuel_SANTA_FE_BL4_Biomasa",1970-01-01-00:00,2050-01-01-00:00,true,coal,100,1e+100,false
"Fuel_SANTA_LIDIA_Diesel",1970-01-01-00:00,2050-01-01-00:00,true,coal,100,1e+100,false
"Fuel_SANTA_MARIA_Carbon",1970-01-01-00:00,2050-01-01-00:00,true,coal,100,1e+100,false
"Fuel_SANTA_MARTA_Biogas",1970-01-01-00:00,2050-01-01-00:00,true,coal,100,1e+100,false
"Fuel_SEPULTURA_Diesel",1970-01-01-00:00,2050-01-01-00:00,true,coal,100,1e+100,false
"Fuel_TAMM_Diesel",1970-01-01-00:00,2050-01-01-00:00,true,coal,100,1e+100,false
"Fuel_TAPIHUE_GN",1970-01-01-00:00,2050-01-01-00:00,true,coal,100,1e+100,false
"Fuel_TENO_Diesel",1970-01-01-00:00,2050-01-01-00:00,true,coal,100,1e+100,false
"Fuel_TERMOPACIFICO_Diesel",1970-01-01-00:00,2050-01-01-00:00,true,coal,100,1e+100,false
"Fuel_TIRUA_Diesel",1970-01-01-00:00,2050-01-01-00:00,true,coal,100,1e+100,false
"Fuel_TOMAVAL_1_GN",1970-01-01-00:00,2050-01-01-00:00,true,coal,100,1e+100,false
"Fuel_TOMAVAL_2_GN",1970-01-01-00:00,2050-01-01-00:00,true,coal,100,1e+100,false
"Fuel_EL_TOTORAL_Diesel",1970-01-01-00:00,2050-01-01-00:00,true,coal,100,1e+100,false
"Fuel_TRAPEN_Diesel",1970-01-01-00:00,2050-01-01-00:00,true,coal,100,1e+100,false
"Fuel_TREBAL_MAPOCHO_Biogas",1970-01-01-00:00,2050-01-01-00:00,true,coal,100,1e+100,false
"Fuel_TRONGOL_Diesel",1970-01-01-00:00,2050-01-01-00:00,true,coal,100,1e+100,false
"Fuel_VALDIVIA_BL1_PINO_Biomasa",1970-01-01-00:00,2050-01-01-00:00,true,coal,100,1e+100,false
"Fuel_VALDIVIA_BL2_PINO_Biomasa",1970-01-01-00:00,2050-01-01-00:00,true,coal,100,1e+100,false
"Fuel_VALDIVIA_BL3_PINO_Biomasa",1970-01-01-00:00,2050-01-01-00:00,true,coal,100,1e+100,false
"Fuel_VALDIVIA_BL4_PINO_fuel_oil",1970-01-01-00:00,2050-01-01-00:00,true,coal,100,1e+100,false
"Fuel_VENTANAS_2_Carbon",1970-01-01-00:00,2050-01-01-00:00,true,coal,100,1e+100,false
"Fuel_VINALES_BL1_Biomasa",1970-01-01-00:00,2050-01-01-00:00,true,coal,100,1e+100,false
"Fuel_VINALES_BL2_Biomasa",1970-01-01-00:00,2050-01-01-00:00,true,coal,100,1e+100,false
"Fuel_YUNGAY_U1_DIE_Diesel",1970-01-01-00:00,2050-01-01-00:00,true,coal,100,1e+100,false
"Fuel_YUNGAY_U2_DIE_Diesel",1970-01-01-00:00,2050-01-01-00:00,true,coal,100,1e+100,false
"Fuel_YUNGAY_U3_DIE_Diesel",1970-01-01-00:00,2050-01-01-00:00,true,coal,100,1e+100,false
"Fuel_YUNGAY_U4_DIE_Diesel",1970-01-01-00:00,2050-01-01-00:00,true,coal,100,1e+100,false
"Fuel_CHORRILLOS_Diesel",1970-01-01-00:00,2050-01-01-00:00,true,coal,100,1e+100,false
"Fuel_MIMBRE_Diesel",1970-01-01-00:00,2050-01-01-00:00,true,coal,100,1e+100,false
"Fuel_AMPLIACION_CENTRAL_QUELLON_Diesel",1970-01-01-00:00,2050-01-01-00:00,true,coal,100,1e+100,false
"Fuel_COPIULEMU_Biogas",1970-01-01-00:00,2050-01-01-00:00,true,coal,100,1e+100,false
"Fuel_ZAPALLAR_Diesel",1970-01-01-00:00,2050-01-01-00:00,true,coal,100,1e+100,false
"Fuel_LLANOS_BLANCOS_Diesel",1970-01-01-00:00,2050-01-01-00:00,true,coal,100,1e+100,false
"Fuel_CENTRAL_DE_RESPALDO_MAITENCILLO_Diesel",1970-01-01-00:00,2050-01-01-00:00,true,coal,100,1e+100,false
"Fuel_YUMBEL_Diesel",1970-01-01-00:00,2050-01-01-00:00,true,coal,100,1e+100,false
"Fuel_GAMI_Diesel",1970-01-01-00:00,2050-01-01-00:00,true,coal,100,1e+100,false
"Fuel_PICOLTUE_Diesel",1970-01-01-00:00,2050-01-01-00:00,true,coal,100,1e+100,false
"Fuel_TREBAL_MAPOCHO_AMPL_Biogas",1970-01-01-00:00,2050-01-01-00:00,true,coal,100,1e+100,false
"Fuel_CALFUCO_Diesel",1970-01-01-00:00,2050-01-01-00:00,true,coal,100,1e+100,false
"Fuel_RIO_AZUL_Diesel",1970-01-01-00:00,2050-01-01-00:00,true,coal,100,1e+100,false
"Fuel_CENTRAL_DE_RESPALDO_CIRUELILLO_Diesel",1970-01-01-00:00,2050-01-01-00:00,true,coal,100,1e+100,false
"Fuel_MAPA_Biomasa",1970-01-01-00:00,2050-01-01-00:00,true,coal,100,1e+100,false
"Fuel_CALAFATE_Diesel",1970-01-01-00:00,2050-01-01-00:00,true,coal,100,1e+100,false
"Fuel_ALERCE_Diesel",1970-01-01-00:00,2050-01-01-00:00,true,coal,100,1e+100,false
"Fuel_DONA_JAVIERA_Diesel",1970-01-01-00:00,2050-01-01-00:00,true,coal,100,1e+100,false
"Fuel_CHUYACA_AMP_Diesel",1970-01-01-00:00,2050-01-01-00:00,true,coal,100,1e+100,false
"Fuel_AROMOS_Diesel",1970-01-01-00:00,2050-01-01-00:00,true,coal,100,1e+100,false
"Fuel_BOLDOS_Diesel",1970-01-01-00:00,2050-01-01-00:00,true,coal,100,1e+100,false
"Fuel_EL_FARO_Diesel",1970-01-01-00:00,2050-01-01-00:00,true,coal,100,1e+100,false
"Fuel_ETERSOL_Diesel",1970-01-01-00:00,2050-01-01-00:00,true,coal,100,1e+100,false
"Fuel_AGGREKO_01_Diesel",1970-01-01-00:00,2050-01-01-00:00,true,coal,100,1e+100,false
"Fuel_DEUCO_II_Diesel",1970-01-01-00:00,2050-01-01-00:00,true,coal,100,1e+100,false
"Fuel_BLUEGATE_Diesel",1970-01-01-00:00,2050-01-01-00:00,true,coal,100,1e+100,false
"Fuel_DON_PEDRO_Diesel",1970-01-01-00:00,2050-01-01-00:00,true,coal,100,1e+100,false
"Fuel_CHILLAN_Diesel",1970-01-01-00:00,2050-01-01-00:00,true,coal,100,1e+100,false
"Fuel_RAPACO_Diesel",1970-01-01-00:00,2050-01-01-00:00,true,coal,100,1e+100,false
"Fuel_ALDEA_Diesel",1970-01-01-00:00,2050-01-01-00:00,true,coal,100,1e+100,false
"Fuel_LOS_NEGROS_Diesel",1970-01-01-00:00,2050-01-01-00:00,true,coal,100,1e+100,false
"Fuel_TAMBORES_Diesel",1970-01-01-00:00,2050-01-01-00:00,true,coal,100,1e+100,false
"Fuel_CHIFIN_Diesel",1970-01-01-00:00,2050-01-01-00:00,true,coal,100,1e+100,false
"Fuel_DREAMS_VALDIVIA_II_Diesel",1970-01-01-00:00,2050-01-01-00:00,true,coal,100,1e+100,false
"Fuel_EL_ATAJO_Diesel",1970-01-01-00:00,2050-01-01-00:00,true,coal,100,1e+100,false
"Fuel_CAMPING_Diesel",1970-01-01-00:00,2050-01-01-00:00,true,coal,100,1e+100,false
"Fuel_PINARES_DIE_Diesel",1970-01-01-00:00,2050-01-01-00:00,true,coal,100,1e+100,false
"Fuel_DAGOBERTO_DIE_Diesel",1970-01-01-00:00,2050-01-01-00:00,true,coal,100,1e+100,false
"Fuel_LAS_QUEMAS_DIE_Diesel",1970-01-01-00:00,2050-01-01-00:00,true,coal,100,1e+100,false
"Fuel_LAGUNITAS_DIE_Diesel",1970-01-01-00:00,2050-01-01-00:00,true,coal,100,1e+100,false
"Fuel_EGIDO_DIE_Diesel",1970-01-01-00:00,2050-01-01-00:00,true,coal,100,1e+100,false
"Fuel_HOLLEY_DIE_Diesel",1970-01-01-00:00,2050-01-01-00:00,true,coal,100,1e+100,false
"Fuel_BELLET_DIE_Diesel",1970-01-01-00:00,2050-01-01-00:00,true,coal,100,1e+100,false
"Fuel_CEREZO_DIE_Diesel",1970-01-01-00:00,2050-01-01-00:00,true,coal,100,1e+100,false
"Fuel_JARDIN_DIE_Diesel",1970-01-01-00:00,2050-01-01-00:00,true,coal,100,1e+100,false
"Fuel_CAMPING_C_DIE_Diesel",1970-01-01-00:00,2050-01-01-00:00,true,coal,100,1e+100,false
"Fuel_EXEQUIEL_FERNANDEZ_DIE_Diesel",1970-01-01-00:00,2050-01-01-00:00,true,coal,100,1e+100,false
"Fuel_PMGD_COYA_DIE_Diesel",1970-01-01-00:00,2050-01-01-00:00,true,coal,100,1e+100,false
"Fuel_LAS_DALIAS_DIE_Diesel",1970-01-01-00:00,2050-01-01-00:00,true,coal,100,1e+100,false
"Fuel_BERLIOZ_DIE_Diesel",1970-01-01-00:00,2050-01-01-00:00,true,coal,100,1e+100,false
"Fuel_LA_GLORIA-21_BIOMASA_Biomasa",1970-01-01-00:00,2050-01-01-00:00,true,coal,100,1e+100,false
"Fuel_CMPC_LAJA_BL4_Biomasa",1970-01-01-00:00,2050-01-01-00:00,true,coal,100,1e+100,false
"Fuel_CMPC_LAJA_BL5_fuel_oil",1970-01-01-00:00,2050-01-01-00:00,true,coal,100,1e+100,false
"Fuel_Las Mercedes_Diesel",1970-01-01-00:00,2050-01-01-00:00,true,coal,100,1e+100,false
"Fuel_Chocalan 1_Diesel",1970-01-01-00:00,2050-01-01-00:00,true,coal,100,1e+100,false
"Fuel_Los Arrayanes_Diesel",1970-01-01-00:00,2050-01-01-00:00,true,coal,100,1e+100,false
"Fuel_MAYOR POWER_DIE_Diesel",1970-01-01-00:00,2050-01-01-00:00,true,coal,100,1e+100,false
"Fuel_DOï¿½A LUZMA_DIE_Diesel",1970-01-01-00:00,2050-01-01-00:00,true,coal,100,1e+100,false
"Fuel_AGGREKO RM QUILICURA_DIE_Diesel",1970-01-01-00:00,2050-01-01-00:00,true,coal,100,1e+100,false
"Fuel_PMGD_ANDES 1_GN_GN",1970-01-01-00:00,2050-01-01-00:00,true,coal,100,1e+100,false
"Fuel_PMGD_LAS MERCEDES I_DIE_Diesel",1970-01-01-00:00,2050-01-01-00:00,true,coal,100,1e+100,false
"Fuel_PMGD_COLACO PARGUA_DIE_Diesel",1970-01-01-00:00,2050-01-01-00:00,true,coal,100,1e+100,false
"Fuel_AMPLIACION_TENO GAS_GLP",1970-01-01-00:00,2050-01-01-00:00,true,coal,100,1e+100,false
"Fuel_CALA MORRITOS_DIE_Diesel",1970-01-01-00:00,2050-01-01-00:00,true,coal,100,1e+100,false
"Fuel_CENIZAS_AMP_DIE_Diesel",1970-01-01-00:00,2050-01-01-00:00,true,coal,100,1e+100,false
"Fuel_MARVER_DIE_Diesel",1970-01-01-00:00,2050-01-01-00:00,true,coal,100,1e+100,false
"Fuel_QUETALMAHUE_DIE_Diesel",1970-01-01-00:00,2050-01-01-00:00,true,coal,100,1e+100,false
"Fuel_CANDELARIA_1_GNL_C_GN",1970-01-01-00:00,2050-01-01-00:00,true,coal,100,1e+100,false
"Fuel_CANDELARIA_2_GNL_C_GN",1970-01-01-00:00,2050-01-01-00:00,true,coal,100,1e+100,false
"Fuel_NEHUENCO_1-TG+TV_GNL_C_GN",1970-01-01-00:00,2050-01-01-00:00,true,coal,100,1e+100,false
"Fuel_NEHUENCO_2-TG+TV_GNL_C_GN",1970-01-01-00:00,2050-01-01-00:00,true,coal,100,1e+100,false
"Fuel_NEHUENCO_9B_DIE_Diesel",1970-01-01-00:00,2050-01-01-00:00,true,coal,100,1e+100,false
"Fuel_NUEVA_RENCA-TG+TV_GNL_A_GN",1970-01-01-00:00,2050-01-01-00:00,true,coal,100,1e+100,false
"Fuel_NUEVA_RENCA-FA_GLP_GLP",1970-01-01-00:00,2050-01-01-00:00,true,coal,100,1e+100,false
"Fuel_QUINTERO_1A_GNL_E_GN",1970-01-01-00:00,2050-01-01-00:00,true,coal,100,1e+100,false
"Fuel_QUINTERO_1B_GNL_E_GN",1970-01-01-00:00,2050-01-01-00:00,true,coal,100,1e+100,false
"Fuel_SAN_ISIDRO-TG+TV_GNL_E_GN",1970-01-01-00:00,2050-01-01-00:00,true,coal,100,1e+100,false
"Fuel_SAN_ISIDRO_2-TG+TV_GNL_E_GN",1970-01-01-00:00,2050-01-01-00:00,true,coal,100,1e+100,false
"Fuel_MEJILLONES_3-TG+TV_GNL_B_GN",1970-01-01-00:00,2050-01-01-00:00,true,coal,100,1e+100,false
"Fuel_TALTAL_1_DIE_Diesel",1970-01-01-00:00,2050-01-01-00:00,true,coal,100,1e+100,false
"Fuel_TALTAL_2_DIE_Diesel",1970-01-01-00:00,2050-01-01-00:00,true,coal,100,1e+100,false
"Fuel_TENO50_GLP_GLP",1970-01-01-00:00,2050-01-01-00:00,true,coal,100,1e+100,false
"Fuel_COLMITO_DIE_Diesel",1970-01-01-00:00,2050-01-01-00:00,true,coal,100,1e+100,false
"Fuel_CORONEL_DIE_Diesel",1970-01-01-00:00,2050-01-01-00:00,true,coal,100,1e+100,false
"Fuel_CONCON_DIE_Diesel",1970-01-01-00:00,2050-01-01-00:00,true,coal,100,1e+100,false
"Fuel_LOS_VIENTOS_AUM_GN_A_GN",1970-01-01-00:00,2050-01-01-00:00,true,coal,100,1e+100,false
"Fuel_NEWEN_DIE_Diesel",1970-01-01-00:00,2050-01-01-00:00,true,coal,100,1e+100,false
"Fuel_COGENERADORA_ACONCAGUA_Cogeneracion",1970-01-01-00:00,2050-01-01-00:00,true,coal,100,1e+100,false
"Fuel_ATA-TG1A+TG1B+TV1C_DIE_Diesel",1970-01-01-00:00,2050-01-01-00:00,true,coal,100,1e+100,false
"Fuel_ATA-TG2A+TG2B+TV2C_DIE_Diesel",1970-01-01-00:00,2050-01-01-00:00,true,coal,100,1e+100,false
"Fuel_KELAR-TG1+TG2+TV_GNL_D_GN",1970-01-01-00:00,2050-01-01-00:00,true,coal,100,1e+100,false
"Fuel_TOCOPILLA_U16-TG+TV_GNL_B_GN",1970-01-01-00:00,2050-01-01-00:00,true,coal,100,1e+100,false
"Fuel_ANGAMOS_1_CARBON",1970-01-01-00:00,2050-01-01-00:00,true,coal,100,1e+100,false
"Fuel_ANGAMOS_2_CARBON",1970-01-01-00:00,2050-01-01-00:00,true,coal,100,1e+100,false
"Fuel_CERRO_PABELLON_U1_Geo",1970-01-01-00:00,2050-01-01-00:00,true,coal,100,1e+100,false
"Fuel_CERRO_PABELLON_U2_Geo",1970-01-01-00:00,2050-01-01-00:00,true,coal,100,1e+100,false
"Fuel_COCHRANE_1_CARBON",1970-01-01-00:00,2050-01-01-00:00,true,coal,100,1e+100,false
"Fuel_COCHRANE_2_CARBON",1970-01-01-00:00,2050-01-01-00:00,true,coal,100,1e+100,false
"Fuel_ANDINA_CARBON",1970-01-01-00:00,2050-01-01-00:00,true,coal,100,1e+100,false
"Fuel_HORNITOS_CARBON",1970-01-01-00:00,2050-01-01-00:00,true,coal,100,1e+100,false
"Fuel_MEJILLONES_1_CARBON",1970-01-01-00:00,2050-01-01-00:00,true,coal,100,1e+100,false
"Fuel_MEJILLONES_2_CARBON",1970-01-01-00:00,2050-01-01-00:00,true,coal,100,1e+100,false
"Fuel_CUMMINS_Diesel",1970-01-01-00:00,2050-01-01-00:00,true,coal,100,1e+100,false
"Fuel_DEUTZ_Diesel",1970-01-01-00:00,2050-01-01-00:00,true,coal,100,1e+100,false
"Fuel_ESTANDARTES_13_Diesel",1970-01-01-00:00,2050-01-01-00:00,true,coal,100,1e+100,false
"Fuel_ESTANDARTES_7-12_Diesel",1970-01-01-00:00,2050-01-01-00:00,true,coal,100,1e+100,false
"Fuel_ARICA_GM_Diesel",1970-01-01-00:00,2050-01-01-00:00,true,coal,100,1e+100,false
"Fuel_IE_MEJILLONES_CARBON",1970-01-01-00:00,2050-01-01-00:00,true,coal,100,1e+100,false
"Fuel_IE_MEJILLONES_GNL_A_GN",1970-01-01-00:00,2050-01-01-00:00,true,coal,100,1e+100,false
"Fuel_INACAL_Diesel",1970-01-01-00:00,2050-01-01-00:00,true,coal,100,1e+100,false
"Fuel_AGUAS_BLANCAS_Diesel",1970-01-01-00:00,2050-01-01-00:00,true,coal,100,1e+100,false
"Fuel_ARICA_M1_Diesel",1970-01-01-00:00,2050-01-01-00:00,true,coal,100,1e+100,false
"Fuel_ARICA_M2_Diesel",1970-01-01-00:00,2050-01-01-00:00,true,coal,100,1e+100,false
"Fuel_MANTOS_BLANCOS_Diesel",1970-01-01-00:00,2050-01-01-00:00,true,coal,100,1e+100,false
"Fuel_PAS_MEJILLONES_Cogeneracion",1970-01-01-00:00,2050-01-01-00:00,true,coal,100,1e+100,false
"Fuel_NUEVA_TOCOPILLA_1_CARBON",1970-01-01-00:00,2050-01-01-00:00,true,coal,100,1e+100,false
"Fuel_NUEVA_TOCOPILLA_2_CARBON",1970-01-01-00:00,2050-01-01-00:00,true,coal,100,1e+100,false
"Fuel_LA_PORTADA_Diesel",1970-01-01-00:00,2050-01-01-00:00,true,coal,100,1e+100,false
"Fuel_TOCOPILLA-TG1_Diesel",1970-01-01-00:00,2050-01-01-00:00,true,coal,100,1e+100,false
"Fuel_TOCOPILLA-TG2_Diesel",1970-01-01-00:00,2050-01-01-00:00,true,coal,100,1e+100,false
"Fuel_TOCOPILLA-TG3_DIE_Diesel",1970-01-01-00:00,2050-01-01-00:00,true,coal,100,1e+100,false
"Fuel_TARAPACA-TG_DIE_Diesel",1970-01-01-00:00,2050-01-01-00:00,true,coal,100,1e+100,false
"Fuel_UJINA_U1_DIE_Diesel",1970-01-01-00:00,2050-01-01-00:00,true,coal,100,1e+100,false
"Fuel_UJINA_U2_DIE_Diesel",1970-01-01-00:00,2050-01-01-00:00,true,coal,100,1e+100,false
"Fuel_UJINA_U3_DIE_Diesel",1970-01-01-00:00,2050-01-01-00:00,true,coal,100,1e+100,false
"Fuel_UJINA_U4_DIE_Diesel",1970-01-01-00:00,2050-01-01-00:00,true,coal,100,1e+100,false
"Fuel_UJINA_U5_HFO_fuel_oil",1970-01-01-00:00,2050-01-01-00:00,true,coal,100,1e+100,false
"Fuel_UJINA_U6_HFO_fuel_oil",1970-01-01-00:00,2050-01-01-00:00,true,coal,100,1e+100,false
"Fuel_ZOFRI_1_Diesel",1970-01-01-00:00,2050-01-01-00:00,true,coal,100,1e+100,false
"Fuel_ZOFRI_2-5_Diesel",1970-01-01-00:00,2050-01-01-00:00,true,coal,100,1e+100,false
"Fuel_ZOFRI_6_Diesel",1970-01-01-00:00,2050-01-01-00:00,true,coal,100,1e+100,false
"Fuel_CNE_BIOMASA",1970-01-01-00:00,2050-01-01-00:00,true,coal,100,1e+100,false
"Fuel_CNE_GNL",1970-01-01-00:00,2050-01-01-00:00,true,coal,100,1e+100,false
"Fuel_CNE_DIESEL",1970-01-01-00:00,2050-01-01-00:00,true,coal,100,1e+100,false
"Comb_Geo01_Ancoa",1970-01-01-00:00,2050-01-01-00:00,true,coal,100,1e+100,false
"Comb_Geo01_Andes",1970-01-01-00:00,2050-01-01-00:00,true,coal,100,1e+100,false
"Comb_Geo02_Andes",1970-01-01-00:00,2050-01-01-00:00,true,coal,100,1e+100,false
"Comb_Geo01_Candelaria",1970-01-01-00:00,2050-01-01-00:00,true,coal,100,1e+100,false
"Comb_Geo01_Cautin",1970-01-01-00:00,2050-01-01-00:00,true,coal,100,1e+100,false
"Comb_Geo01_Charrua",1970-01-01-00:00,2050-01-01-00:00,true,coal,100,1e+100,false
"Comb_Geo01_Chuquicamata",1970-01-01-00:00,2050-01-01-00:00,true,coal,100,1e+100,false
"Comb_Geo01_Mulchen",1970-01-01-00:00,2050-01-01-00:00,true,coal,100,1e+100,false
"Comb_Geo01_PAlmonte",1970-01-01-00:00,2050-01-01-00:00,true,coal,100,1e+100,false
"Comb_Geo01_Parinacota",1970-01-01-00:00,2050-01-01-00:00,true,coal,100,1e+100,false
"Comb_Geo02_Parinacota",1970-01-01-00:00,2050-01-01-00:00,true,coal,100,1e+100,false
