name,start_time,end_time,report,power
"Profile_CSP_Cerro_Dominador",1970-01-01-00:00,2050-01-01-00:00,true,0
"Profile_CarreraPinto",1970-01-01-00:00,2050-01-01-00:00,true,0
"Profile_Chanares",1970-01-01-00:00,2050-01-01-00:00,true,0
"Profile_Cintac",1970-01-01-00:00,2050-01-01-00:00,true,0
"Profile_ConejoSolar",1970-01-01-00:00,2050-01-01-00:00,true,0
"Profile_Cordillerilla",1970-01-01-00:00,2050-01-01-00:00,true,0
"Profile_ElChincol",1970-01-01-00:00,2050-01-01-00:00,true,0
"Profile_ElDivisadero",1970-01-01-00:00,2050-01-01-00:00,true,0
"Profile_ElPelicano",1970-01-01-00:00,2050-01-01-00:00,true,0
"Profile_ElPitio",1970-01-01-00:00,2050-01-01-00:00,true,0
"Profile_LosPatos",1970-01-01-00:00,2050-01-01-00:00,true,0
"Profile_LuzdelNorte",1970-01-01-00:00,2050-01-01-00:00,true,0
"Profile_PampaSolarNorte",1970-01-01-00:00,2050-01-01-00:00,true,0
"Profile_Peralillo",1970-01-01-00:00,2050-01-01-00:00,true,0
"Profile_PFVLosGorriones",1970-01-01-00:00,2050-01-01-00:00,true,0
"Profile_PFVLosLoros",1970-01-01-00:00,2050-01-01-00:00,true,0
"Profile_PFVMarchigueII",1970-01-01-00:00,2050-01-01-00:00,true,0
"Profile_PVSalvador",1970-01-01-00:00,2050-01-01-00:00,true,0
"Profile_Quilapilun",1970-01-01-00:00,2050-01-01-00:00,true,0
"Profile_SantiagoSolar",1970-01-01-00:00,2050-01-01-00:00,true,0
"Profile_SDGx01",1970-01-01-00:00,2050-01-01-00:00,true,0
"Profile_SolarDiegodeAlmagro",1970-01-01-00:00,2050-01-01-00:00,true,0
"Profile_SolarJaviera",1970-01-01-00:00,2050-01-01-00:00,true,0
"Profile_SolarLaSilla",1970-01-01-00:00,2050-01-01-00:00,true,0
"Profile_SolarLasTerrazas",1970-01-01-00:00,2050-01-01-00:00,true,0
"Profile_SolarLlanodeLlampos",1970-01-01-00:00,2050-01-01-00:00,true,0
"Profile_SolarLomaLosColorados",1970-01-01-00:00,2050-01-01-00:00,true,0
"Profile_SolarSanAndres",1970-01-01-00:00,2050-01-01-00:00,true,0
"Profile_SolarElRomero",1970-01-01-00:00,2050-01-01-00:00,true,0
"Profile_SolarElBoco",1970-01-01-00:00,2050-01-01-00:00,true,0
"Profile_TiltilSolar",1970-01-01-00:00,2050-01-01-00:00,true,0
"Profile_ElPicurio",1970-01-01-00:00,2050-01-01-00:00,true,0
"Profile_ANDESSOLAR",1970-01-01-00:00,2050-01-01-00:00,true,0
"Profile_CERRODOMINADOR",1970-01-01-00:00,2050-01-01-00:00,true,0
"Profile_FVBOLERO",1970-01-01-00:00,2050-01-01-00:00,true,0
"Profile_LOSPUQUIOS",1970-01-01-00:00,2050-01-01-00:00,true,0
"Profile_MARIAELENAFV",1970-01-01-00:00,2050-01-01-00:00,true,0
"Profile_FINISTERRAE",1970-01-01-00:00,2050-01-01-00:00,true,0
"Profile_PAMPACAMARONES",1970-01-01-00:00,2050-01-01-00:00,true,0
"Profile_SOLARELaGUILAI",1970-01-01-00:00,2050-01-01-00:00,true,0
"Profile_SOLARJAMA",1970-01-01-00:00,2050-01-01-00:00,true,0
"Profile_SPSLAHUAYCAII",1970-01-01-00:00,2050-01-01-00:00,true,0
"Profile_URIBESOLAR",1970-01-01-00:00,2050-01-01-00:00,true,0
"Profile_Alcones",1970-01-01-00:00,2050-01-01-00:00,true,0
"Profile_Granja_Solar",1970-01-01-00:00,2050-01-01-00:00,true,0
"Profile_MesetadelosAndes",1970-01-01-00:00,2050-01-01-00:00,true,0
"Profile_PuntadelViento",1970-01-01-00:00,2050-01-01-00:00,true,0
"Profile_SantaIsabelEtapaI_FaseI",1970-01-01-00:00,2050-01-01-00:00,true,0
"Profile_UTFFSFMVitacura",1970-01-01-00:00,2050-01-01-00:00,true,0
"Profile_UTFFSMValparaisoValdes",1970-01-01-00:00,2050-01-01-00:00,true,0
"Profile_UTFFSMVinadelMar",1970-01-01-00:00,2050-01-01-00:00,true,0
"Profile_DASDAS",1970-01-01-00:00,2050-01-01-00:00,true,0
"Profile_LasPalomas",1970-01-01-00:00,2050-01-01-00:00,true,0
"Profile_Huatacondo",1970-01-01-00:00,2050-01-01-00:00,true,0
"Profile_PFV_Sol_de_Vallenar",1970-01-01-00:00,2050-01-01-00:00,true,0
"Profile_FV_Kimal03",1970-01-01-00:00,2050-01-01-00:00,true,0
"Profile_Escondido",1970-01-01-00:00,2050-01-01-00:00,true,0
"Profile_PilarLosAmarillos",1970-01-01-00:00,2050-01-01-00:00,true,0
"Profile_LaMangaI",1970-01-01-00:00,2050-01-01-00:00,true,0
"Profile_Laurel",1970-01-01-00:00,2050-01-01-00:00,true,0
"Profile_TamboReal",1970-01-01-00:00,2050-01-01-00:00,true,0
"Profile_LosPeralesIEtapaI",1970-01-01-00:00,2050-01-01-00:00,true,0
"Profile_PFVMostazal",1970-01-01-00:00,2050-01-01-00:00,true,0
"Profile_VillaPrat",1970-01-01-00:00,2050-01-01-00:00,true,0
"Profile_FV_Lagunas03",1970-01-01-00:00,2050-01-01-00:00,true,0
"Profile_PV_NuevaPozoAlmonte220",1970-01-01-00:00,2050-01-01-00:00,true,0
"Profile_PV_Kimal220",1970-01-01-00:00,2050-01-01-00:00,true,0
"Profile_PV_Parinacota220",1970-01-01-00:00,2050-01-01-00:00,true,0
"Profile_PV_NuevaZaldivar220",1970-01-01-00:00,2050-01-01-00:00,true,0
"Profile_PV_Lagunas220",1970-01-01-00:00,2050-01-01-00:00,true,0
"Profile_PV_Cumbre500",1970-01-01-00:00,2050-01-01-00:00,true,0
"Profile_PV_Parinas500",1970-01-01-00:00,2050-01-01-00:00,true,0
"Profile_PV_Quillota500",1970-01-01-00:00,2050-01-01-00:00,true,0
"Profile_PV_Ancoa500",1970-01-01-00:00,2050-01-01-00:00,true,0
"Profile_PV_NuevaCardones500",1970-01-01-00:00,2050-01-01-00:00,true,0
"Profile_PV_Polpaico500",1970-01-01-00:00,2050-01-01-00:00,true,0
"Profile_PV_Concepcion500",1970-01-01-00:00,2050-01-01-00:00,true,0
"Profile_PV_AltoJahuel500",1970-01-01-00:00,2050-01-01-00:00,true,0
"Profile_PV_NuevaMaitencillo500",1970-01-01-00:00,2050-01-01-00:00,true,0
"Profile_PV_Mulchen500",1970-01-01-00:00,2050-01-01-00:00,true,0
"Profile_PV_NuevaPandeAzucar500",1970-01-01-00:00,2050-01-01-00:00,true,0
"Profile_FV_Parinacota01",1970-01-01-00:00,2050-01-01-00:00,true,0
"Profile_FV_Lagunas01",1970-01-01-00:00,2050-01-01-00:00,true,0
"Profile_FV_PozoAlmonte01",1970-01-01-00:00,2050-01-01-00:00,true,0
"Profile_FV_Kimal01",1970-01-01-00:00,2050-01-01-00:00,true,0
"Profile_FV_Cumbre01",1970-01-01-00:00,2050-01-01-00:00,true,0
"Profile_Canela",1970-01-01-00:00,2050-01-01-00:00,true,0
"Profile_CanelaII",1970-01-01-00:00,2050-01-01-00:00,true,0
"Profile_EolicaCuel",1970-01-01-00:00,2050-01-01-00:00,true,0
"Profile_EolicaElArrayan",1970-01-01-00:00,2050-01-01-00:00,true,0
"Profile_EolicaLasPenas",1970-01-01-00:00,2050-01-01-00:00,true,0
"Profile_EolicaLosBuenosAires",1970-01-01-00:00,2050-01-01-00:00,true,0
"Profile_EolicaLosCururos",1970-01-01-00:00,2050-01-01-00:00,true,0
"Profile_EolicaPuntaColorada",1970-01-01-00:00,2050-01-01-00:00,true,0
"Profile_EolicaPuntaPalmeras",1970-01-01-00:00,2050-01-01-00:00,true,0
"Profile_EolicaSanJuan",1970-01-01-00:00,2050-01-01-00:00,true,0
"Profile_EolicaTalinayOriente",1970-01-01-00:00,2050-01-01-00:00,true,0
"Profile_EolicaTalinayPoniente",1970-01-01-00:00,2050-01-01-00:00,true,0
"Profile_EolicaTaltal",1970-01-01-00:00,2050-01-01-00:00,true,0
"Profile_EolicaTotoral",1970-01-01-00:00,2050-01-01-00:00,true,0
"Profile_Huajache",1970-01-01-00:00,2050-01-01-00:00,true,0
"Profile_MonteRedondo",1970-01-01-00:00,2050-01-01-00:00,true,0
"Profile_ParqueeolicoLaEsperanza",1970-01-01-00:00,2050-01-01-00:00,true,0
"Profile_ParqueEolicoRenaico",1970-01-01-00:00,2050-01-01-00:00,true,0
"Profile_Raki",1970-01-01-00:00,2050-01-01-00:00,true,0
"Profile_SIERRAGORDAESTE",1970-01-01-00:00,2050-01-01-00:00,true,0
"Profile_VALLEDELOSVIENTOS",1970-01-01-00:00,2050-01-01-00:00,true,0
"Profile_PUNTASIERRA",1970-01-01-00:00,2050-01-01-00:00,true,0
"Profile_Alena",1970-01-01-00:00,2050-01-01-00:00,true,0
"Profile_Aurora",1970-01-01-00:00,2050-01-01-00:00,true,0
"Profile_Cabo_Leones_IF",1970-01-01-00:00,2050-01-01-00:00,true,0
"Profile_Cabo_Leones_II",1970-01-01-00:00,2050-01-01-00:00,true,0
"Profile_Cabo_Leones_III",1970-01-01-00:00,2050-01-01-00:00,true,0
"Profile_Caman",1970-01-01-00:00,2050-01-01-00:00,true,0
"Profile_Cerro_Tigre",1970-01-01-00:00,2050-01-01-00:00,true,0
"Profile_Ckani",1970-01-01-00:00,2050-01-01-00:00,true,0
"Profile_ElArrebol",1970-01-01-00:00,2050-01-01-00:00,true,0
"Profile_ElMaiten",1970-01-01-00:00,2050-01-01-00:00,true,0
"Profile_ElNogal_Eol",1970-01-01-00:00,2050-01-01-00:00,true,0
"Profile_LaEstrella",1970-01-01-00:00,2050-01-01-00:00,true,0
"Profile_Negrete",1970-01-01-00:00,2050-01-01-00:00,true,0
"Profile_PEol_Malleco",1970-01-01-00:00,2050-01-01-00:00,true,0
"Profile_PEol_Malleco_II",1970-01-01-00:00,2050-01-01-00:00,true,0
"Profile_SanRarinco",1970-01-01-00:00,2050-01-01-00:00,true,0
"Profile_Tolpan_Sur",1970-01-01-00:00,2050-01-01-00:00,true,0
"Profile_Cabo_Leones_I",1970-01-01-00:00,2050-01-01-00:00,true,0
"Profile_LaFlor",1970-01-01-00:00,2050-01-01-00:00,true,0
"Profile_PEol_Lomas_de_Duqueco",1970-01-01-00:00,2050-01-01-00:00,true,0
"Profile_Puelche_Sur",1970-01-01-00:00,2050-01-01-00:00,true,0
"Profile_PuntadeTalca",1970-01-01-00:00,2050-01-01-00:00,true,0
"Profile_San_Gabriel",1970-01-01-00:00,2050-01-01-00:00,true,0
"Profile_Sarco",1970-01-01-00:00,2050-01-01-00:00,true,0
"Profile_Tchamma",1970-01-01-00:00,2050-01-01-00:00,true,0
"Profile_Eol_LosChangos220",1970-01-01-00:00,2050-01-01-00:00,true,0
"Profile_Eol_NuevaPuertoMontt500",1970-01-01-00:00,2050-01-01-00:00,true,0
"Profile_Eol_Concepcion500",1970-01-01-00:00,2050-01-01-00:00,true,0
"Profile_Eol_Parinas500",1970-01-01-00:00,2050-01-01-00:00,true,0
"Profile_Eol_Polpaico500",1970-01-01-00:00,2050-01-01-00:00,true,0
"Profile_Eol_NuevaMaitencillo500",1970-01-01-00:00,2050-01-01-00:00,true,0
"Profile_Eol_Pichirropulli500",1970-01-01-00:00,2050-01-01-00:00,true,0
"Profile_Eol_NuevaCharrua500",1970-01-01-00:00,2050-01-01-00:00,true,0
"Profile_Eolica_Chuquicamata01",1970-01-01-00:00,2050-01-01-00:00,true,0
"Profile_Eolica_TalTalEol02",1970-01-01-00:00,2050-01-01-00:00,true,0
"profile_CSP_AricayParinacota_64_6h",1970-01-01-00:00,2050-01-01-00:00,true,0
"profile_CSP_AricayParinacota_72_6h",1970-01-01-00:00,2050-01-01-00:00,true,0
"profile_CSP_AricayParinacota_76_6h",1970-01-01-00:00,2050-01-01-00:00,true,0
"profile_CSP_AricayParinacota_80_6h",1970-01-01-00:00,2050-01-01-00:00,true,0
"profile_CSP_AricayParinacota_86_6h",1970-01-01-00:00,2050-01-01-00:00,true,0
"profile_CSP_AricayParinacota_90_6h",1970-01-01-00:00,2050-01-01-00:00,true,0
"profile_CSP_AricayParinacota_94_6h",1970-01-01-00:00,2050-01-01-00:00,true,0
"profile_CSP_Tarapaca_96_6h",1970-01-01-00:00,2050-01-01-00:00,true,0
"profile_CSP_Tarapaca_131_6h",1970-01-01-00:00,2050-01-01-00:00,true,0
"profile_CSP_Tarapaca_169_6h",1970-01-01-00:00,2050-01-01-00:00,true,0
"profile_CSP_Tarapaca_176_6h",1970-01-01-00:00,2050-01-01-00:00,true,0
"profile_CSP_Tarapaca_192_6h",1970-01-01-00:00,2050-01-01-00:00,true,0
"profile_CSP_Tarapaca_311_6h",1970-01-01-00:00,2050-01-01-00:00,true,0
"profile_CSP_Tarapaca_324_6h",1970-01-01-00:00,2050-01-01-00:00,true,0
"profile_CSP_Tarapaca_332_6h",1970-01-01-00:00,2050-01-01-00:00,true,0
"profile_CSP_Tarapaca_336_6h",1970-01-01-00:00,2050-01-01-00:00,true,0
"profile_CSP_Tarapaca_355_6h",1970-01-01-00:00,2050-01-01-00:00,true,0
"profile_CSP_Tarapaca_375_6h",1970-01-01-00:00,2050-01-01-00:00,true,0
"profile_CSP_Tarapaca_407_6h",1970-01-01-00:00,2050-01-01-00:00,true,0
"profile_CSP_Tarapaca_419_6h",1970-01-01-00:00,2050-01-01-00:00,true,0
"profile_CSP_Antofagasta_429_6h",1970-01-01-00:00,2050-01-01-00:00,true,0
"profile_CSP_Antofagasta_438_6h",1970-01-01-00:00,2050-01-01-00:00,true,0
"profile_CSP_Antofagasta_509_6h",1970-01-01-00:00,2050-01-01-00:00,true,0
"profile_CSP_Antofagasta_585_6h",1970-01-01-00:00,2050-01-01-00:00,true,0
"profile_CSP_Antofagasta_594_6h",1970-01-01-00:00,2050-01-01-00:00,true,0
"profile_CSP_Antofagasta_672_6h",1970-01-01-00:00,2050-01-01-00:00,true,0
"profile_CSP_Antofagasta_693_6h",1970-01-01-00:00,2050-01-01-00:00,true,0
"profile_CSP_Antofagasta_698_6h",1970-01-01-00:00,2050-01-01-00:00,true,0
"profile_CSP_Antofagasta_700_6h",1970-01-01-00:00,2050-01-01-00:00,true,0
"profile_CSP_Antofagasta_708_6h",1970-01-01-00:00,2050-01-01-00:00,true,0
"profile_CSP_Antofagasta_723_6h",1970-01-01-00:00,2050-01-01-00:00,true,0
"profile_CSP_Antofagasta_865_6h",1970-01-01-00:00,2050-01-01-00:00,true,0
"profile_CSP_Antofagasta_912_6h",1970-01-01-00:00,2050-01-01-00:00,true,0
"profile_CSP_Antofagasta_954_6h",1970-01-01-00:00,2050-01-01-00:00,true,0
"profile_CSP_Antofagasta_1102_6h",1970-01-01-00:00,2050-01-01-00:00,true,0
"profile_CSP_Antofagasta_1152_6h",1970-01-01-00:00,2050-01-01-00:00,true,0
"profile_CSP_Antofagasta_1172_6h",1970-01-01-00:00,2050-01-01-00:00,true,0
"profile_CSP_Antofagasta_1425_6h",1970-01-01-00:00,2050-01-01-00:00,true,0
"profile_CSP_Atacama_1503_6h",1970-01-01-00:00,2050-01-01-00:00,true,0
"profile_CSP_Atacama_1511_6h",1970-01-01-00:00,2050-01-01-00:00,true,0
"profile_CSP_Atacama_1531_6h",1970-01-01-00:00,2050-01-01-00:00,true,0
"profile_CSP_Atacama_1536_6h",1970-01-01-00:00,2050-01-01-00:00,true,0
"profile_CSP_Atacama_1538_6h",1970-01-01-00:00,2050-01-01-00:00,true,0
"profile_CSP_Atacama_1664_6h",1970-01-01-00:00,2050-01-01-00:00,true,0
"profile_CSP_Atacama_1686_6h",1970-01-01-00:00,2050-01-01-00:00,true,0
"profile_CSP_Atacama_1712_6h",1970-01-01-00:00,2050-01-01-00:00,true,0
"profile_CSP_Atacama_1871_6h",1970-01-01-00:00,2050-01-01-00:00,true,0
"profile_CSP_Coquimbo_1899_6h",1970-01-01-00:00,2050-01-01-00:00,true,0
"profile_CSP_AricayParinacota_64_9h",1970-01-01-00:00,2050-01-01-00:00,true,0
"profile_CSP_AricayParinacota_72_9h",1970-01-01-00:00,2050-01-01-00:00,true,0
"profile_CSP_AricayParinacota_76_9h",1970-01-01-00:00,2050-01-01-00:00,true,0
"profile_CSP_AricayParinacota_80_9h",1970-01-01-00:00,2050-01-01-00:00,true,0
"profile_CSP_AricayParinacota_86_9h",1970-01-01-00:00,2050-01-01-00:00,true,0
"profile_CSP_AricayParinacota_90_9h",1970-01-01-00:00,2050-01-01-00:00,true,0
"profile_CSP_AricayParinacota_94_9h",1970-01-01-00:00,2050-01-01-00:00,true,0
"profile_CSP_Tarapaca_96_9h",1970-01-01-00:00,2050-01-01-00:00,true,0
"profile_CSP_Tarapaca_131_9h",1970-01-01-00:00,2050-01-01-00:00,true,0
"profile_CSP_Tarapaca_169_9h",1970-01-01-00:00,2050-01-01-00:00,true,0
"profile_CSP_Tarapaca_176_9h",1970-01-01-00:00,2050-01-01-00:00,true,0
"profile_CSP_Tarapaca_192_9h",1970-01-01-00:00,2050-01-01-00:00,true,0
"profile_CSP_Tarapaca_311_9h",1970-01-01-00:00,2050-01-01-00:00,true,0
"profile_CSP_Tarapaca_324_9h",1970-01-01-00:00,2050-01-01-00:00,true,0
"profile_CSP_Tarapaca_332_9h",1970-01-01-00:00,2050-01-01-00:00,true,0
"profile_CSP_Tarapaca_336_9h",1970-01-01-00:00,2050-01-01-00:00,true,0
"profile_CSP_Tarapaca_355_9h",1970-01-01-00:00,2050-01-01-00:00,true,0
"profile_CSP_Tarapaca_375_9h",1970-01-01-00:00,2050-01-01-00:00,true,0
"profile_CSP_Tarapaca_407_9h",1970-01-01-00:00,2050-01-01-00:00,true,0
"profile_CSP_Tarapaca_419_9h",1970-01-01-00:00,2050-01-01-00:00,true,0
"profile_CSP_Antofagasta_429_9h",1970-01-01-00:00,2050-01-01-00:00,true,0
"profile_CSP_Antofagasta_438_9h",1970-01-01-00:00,2050-01-01-00:00,true,0
"profile_CSP_Antofagasta_509_9h",1970-01-01-00:00,2050-01-01-00:00,true,0
"profile_CSP_Antofagasta_585_9h",1970-01-01-00:00,2050-01-01-00:00,true,0
"profile_CSP_Antofagasta_594_9h",1970-01-01-00:00,2050-01-01-00:00,true,0
"profile_CSP_Antofagasta_672_9h",1970-01-01-00:00,2050-01-01-00:00,true,0
"profile_CSP_Antofagasta_693_9h",1970-01-01-00:00,2050-01-01-00:00,true,0
"profile_CSP_Antofagasta_698_9h",1970-01-01-00:00,2050-01-01-00:00,true,0
"profile_CSP_Antofagasta_700_9h",1970-01-01-00:00,2050-01-01-00:00,true,0
"profile_CSP_Antofagasta_708_9h",1970-01-01-00:00,2050-01-01-00:00,true,0
"profile_CSP_Antofagasta_723_9h",1970-01-01-00:00,2050-01-01-00:00,true,0
"profile_CSP_Antofagasta_865_9h",1970-01-01-00:00,2050-01-01-00:00,true,0
"profile_CSP_Antofagasta_912_9h",1970-01-01-00:00,2050-01-01-00:00,true,0
"profile_CSP_Antofagasta_954_9h",1970-01-01-00:00,2050-01-01-00:00,true,0
"profile_CSP_Antofagasta_1102_9h",1970-01-01-00:00,2050-01-01-00:00,true,0
"profile_CSP_Antofagasta_1152_9h",1970-01-01-00:00,2050-01-01-00:00,true,0
"profile_CSP_Antofagasta_1172_9h",1970-01-01-00:00,2050-01-01-00:00,true,0
"profile_CSP_Antofagasta_1425_9h",1970-01-01-00:00,2050-01-01-00:00,true,0
"profile_CSP_Atacama_1503_9h",1970-01-01-00:00,2050-01-01-00:00,true,0
"profile_CSP_Atacama_1511_9h",1970-01-01-00:00,2050-01-01-00:00,true,0
"profile_CSP_Atacama_1531_9h",1970-01-01-00:00,2050-01-01-00:00,true,0
"profile_CSP_Atacama_1536_9h",1970-01-01-00:00,2050-01-01-00:00,true,0
"profile_CSP_Atacama_1538_9h",1970-01-01-00:00,2050-01-01-00:00,true,0
"profile_CSP_Atacama_1664_9h",1970-01-01-00:00,2050-01-01-00:00,true,0
"profile_CSP_Atacama_1686_9h",1970-01-01-00:00,2050-01-01-00:00,true,0
"profile_CSP_Atacama_1712_9h",1970-01-01-00:00,2050-01-01-00:00,true,0
"profile_CSP_Atacama_1871_9h",1970-01-01-00:00,2050-01-01-00:00,true,0
"profile_CSP_Coquimbo_1899_9h",1970-01-01-00:00,2050-01-01-00:00,true,0
"profile_CSP_AricayParinacota_64_13h",1970-01-01-00:00,2050-01-01-00:00,true,0
"profile_CSP_AricayParinacota_72_13h",1970-01-01-00:00,2050-01-01-00:00,true,0
"profile_CSP_AricayParinacota_76_13h",1970-01-01-00:00,2050-01-01-00:00,true,0
"profile_CSP_AricayParinacota_80_13h",1970-01-01-00:00,2050-01-01-00:00,true,0
"profile_CSP_AricayParinacota_86_13h",1970-01-01-00:00,2050-01-01-00:00,true,0
"profile_CSP_AricayParinacota_90_13h",1970-01-01-00:00,2050-01-01-00:00,true,0
"profile_CSP_AricayParinacota_94_13h",1970-01-01-00:00,2050-01-01-00:00,true,0
"profile_CSP_Tarapaca_96_13h",1970-01-01-00:00,2050-01-01-00:00,true,0
"profile_CSP_Tarapaca_131_13h",1970-01-01-00:00,2050-01-01-00:00,true,0
"profile_CSP_Tarapaca_169_13h",1970-01-01-00:00,2050-01-01-00:00,true,0
"profile_CSP_Tarapaca_176_13h",1970-01-01-00:00,2050-01-01-00:00,true,0
"profile_CSP_Tarapaca_192_13h",1970-01-01-00:00,2050-01-01-00:00,true,0
"profile_CSP_Tarapaca_311_13h",1970-01-01-00:00,2050-01-01-00:00,true,0
"profile_CSP_Tarapaca_324_13h",1970-01-01-00:00,2050-01-01-00:00,true,0
"profile_CSP_Tarapaca_332_13h",1970-01-01-00:00,2050-01-01-00:00,true,0
"profile_CSP_Tarapaca_336_13h",1970-01-01-00:00,2050-01-01-00:00,true,0
"profile_CSP_Tarapaca_355_13h",1970-01-01-00:00,2050-01-01-00:00,true,0
"profile_CSP_Tarapaca_375_13h",1970-01-01-00:00,2050-01-01-00:00,true,0
"profile_CSP_Tarapaca_407_13h",1970-01-01-00:00,2050-01-01-00:00,true,0
"profile_CSP_Tarapaca_419_13h",1970-01-01-00:00,2050-01-01-00:00,true,0
"profile_CSP_Antofagasta_429_13h",1970-01-01-00:00,2050-01-01-00:00,true,0
"profile_CSP_Antofagasta_438_13h",1970-01-01-00:00,2050-01-01-00:00,true,0
"profile_CSP_Antofagasta_509_13h",1970-01-01-00:00,2050-01-01-00:00,true,0
"profile_CSP_Antofagasta_585_13h",1970-01-01-00:00,2050-01-01-00:00,true,0
"profile_CSP_Antofagasta_594_13h",1970-01-01-00:00,2050-01-01-00:00,true,0
"profile_CSP_Antofagasta_672_13h",1970-01-01-00:00,2050-01-01-00:00,true,0
"profile_CSP_Antofagasta_693_13h",1970-01-01-00:00,2050-01-01-00:00,true,0
"profile_CSP_Antofagasta_698_13h",1970-01-01-00:00,2050-01-01-00:00,true,0
"profile_CSP_Antofagasta_700_13h",1970-01-01-00:00,2050-01-01-00:00,true,0
"profile_CSP_Antofagasta_708_13h",1970-01-01-00:00,2050-01-01-00:00,true,0
"profile_CSP_Antofagasta_723_13h",1970-01-01-00:00,2050-01-01-00:00,true,0
"profile_CSP_Antofagasta_865_13h",1970-01-01-00:00,2050-01-01-00:00,true,0
"profile_CSP_Antofagasta_912_13h",1970-01-01-00:00,2050-01-01-00:00,true,0
"profile_CSP_Antofagasta_954_13h",1970-01-01-00:00,2050-01-01-00:00,true,0
"profile_CSP_Antofagasta_1102_13h",1970-01-01-00:00,2050-01-01-00:00,true,0
"profile_CSP_Antofagasta_1152_13h",1970-01-01-00:00,2050-01-01-00:00,true,0
"profile_CSP_Antofagasta_1172_13h",1970-01-01-00:00,2050-01-01-00:00,true,0
"profile_CSP_Antofagasta_1425_13h",1970-01-01-00:00,2050-01-01-00:00,true,0
"profile_CSP_Atacama_1503_13h",1970-01-01-00:00,2050-01-01-00:00,true,0
"profile_CSP_Atacama_1511_13h",1970-01-01-00:00,2050-01-01-00:00,true,0
"profile_CSP_Atacama_1531_13h",1970-01-01-00:00,2050-01-01-00:00,true,0
"profile_CSP_Atacama_1536_13h",1970-01-01-00:00,2050-01-01-00:00,true,0
"profile_CSP_Atacama_1538_13h",1970-01-01-00:00,2050-01-01-00:00,true,0
"profile_CSP_Atacama_1664_13h",1970-01-01-00:00,2050-01-01-00:00,true,0
"profile_CSP_Atacama_1686_13h",1970-01-01-00:00,2050-01-01-00:00,true,0
"profile_CSP_Atacama_1712_13h",1970-01-01-00:00,2050-01-01-00:00,true,0
"profile_CSP_Atacama_1871_13h",1970-01-01-00:00,2050-01-01-00:00,true,0
"profile_CSP_Coquimbo_1899_13h",1970-01-01-00:00,2050-01-01-00:00,true,0
"Profile_Eolica_Antofagasta_1",1970-01-01-00:00,2050-01-01-00:00,true,0
"Profile_Eolica_Antofagasta_2",1970-01-01-00:00,2050-01-01-00:00,true,0
"Profile_Eolica_Antofagasta_3",1970-01-01-00:00,2050-01-01-00:00,true,0
"Profile_Eolica_Antofagasta_4",1970-01-01-00:00,2050-01-01-00:00,true,0
"Profile_Eolica_Antofagasta_5",1970-01-01-00:00,2050-01-01-00:00,true,0
"Profile_Eolica_Antofagasta_7",1970-01-01-00:00,2050-01-01-00:00,true,0
"Profile_Eolica_Antofagasta_9",1970-01-01-00:00,2050-01-01-00:00,true,0
"Profile_Eolica_Antofagasta_10",1970-01-01-00:00,2050-01-01-00:00,true,0
"Profile_Eolica_Antofagasta_11",1970-01-01-00:00,2050-01-01-00:00,true,0
"Profile_Eolica_Antofagasta_12",1970-01-01-00:00,2050-01-01-00:00,true,0
"Profile_Eolica_Antofagasta_13",1970-01-01-00:00,2050-01-01-00:00,true,0
"Profile_Eolica_Antofagasta_14",1970-01-01-00:00,2050-01-01-00:00,true,0
"Profile_Eolica_Antofagasta_18",1970-01-01-00:00,2050-01-01-00:00,true,0
"Profile_Eolica_Atacama_19",1970-01-01-00:00,2050-01-01-00:00,true,0
"Profile_Eolica_Atacama_20",1970-01-01-00:00,2050-01-01-00:00,true,0
"Profile_Eolica_Atacama_21",1970-01-01-00:00,2050-01-01-00:00,true,0
"Profile_Eolica_Atacama_22",1970-01-01-00:00,2050-01-01-00:00,true,0
"Profile_Eolica_Coquimbo_23",1970-01-01-00:00,2050-01-01-00:00,true,0
"Profile_Eolica_Coquimbo_24",1970-01-01-00:00,2050-01-01-00:00,true,0
"Profile_Eolica_Coquimbo_25",1970-01-01-00:00,2050-01-01-00:00,true,0
"Profile_Eolica_Coquimbo_26",1970-01-01-00:00,2050-01-01-00:00,true,0
"Profile_Eolica_Coquimbo_27",1970-01-01-00:00,2050-01-01-00:00,true,0
"Profile_Eolica_Coquimbo_28",1970-01-01-00:00,2050-01-01-00:00,true,0
"Profile_Eolica_Coquimbo_29",1970-01-01-00:00,2050-01-01-00:00,true,0
"Profile_Eolica_Coquimbo_30",1970-01-01-00:00,2050-01-01-00:00,true,0
"Profile_Eolica_Valparaiso_32",1970-01-01-00:00,2050-01-01-00:00,true,0
"Profile_Eolica_Metropolitana_33",1970-01-01-00:00,2050-01-01-00:00,true,0
"Profile_Eolica_Metropolitana_34",1970-01-01-00:00,2050-01-01-00:00,true,0
"Profile_Eolica_Metropolitana_35",1970-01-01-00:00,2050-01-01-00:00,true,0
"Profile_Eolica_Ohiggins_36",1970-01-01-00:00,2050-01-01-00:00,true,0
"Profile_Eolica_Maule_37",1970-01-01-00:00,2050-01-01-00:00,true,0
"Profile_Eolica_Maule_38",1970-01-01-00:00,2050-01-01-00:00,true,0
"Profile_Eolica_Maule_39",1970-01-01-00:00,2050-01-01-00:00,true,0
"Profile_Eolica_Maule_40",1970-01-01-00:00,2050-01-01-00:00,true,0
"Profile_Eolica_Maule_41",1970-01-01-00:00,2050-01-01-00:00,true,0
"Profile_Eolica_Maule_42",1970-01-01-00:00,2050-01-01-00:00,true,0
"Profile_Eolica_Maule_43",1970-01-01-00:00,2050-01-01-00:00,true,0
"Profile_Eolica_Maule_44",1970-01-01-00:00,2050-01-01-00:00,true,0
"Profile_Eolica_Maule_45",1970-01-01-00:00,2050-01-01-00:00,true,0
"Profile_Eolica_Maule_46",1970-01-01-00:00,2050-01-01-00:00,true,0
"Profile_Eolica_Nuble_47",1970-01-01-00:00,2050-01-01-00:00,true,0
"Profile_Eolica_Nuble_48",1970-01-01-00:00,2050-01-01-00:00,true,0
"Profile_Eolica_Nuble_49",1970-01-01-00:00,2050-01-01-00:00,true,0
"Profile_Eolica_Nuble_50",1970-01-01-00:00,2050-01-01-00:00,true,0
"Profile_Eolica_Nuble_51",1970-01-01-00:00,2050-01-01-00:00,true,0
"Profile_Eolica_Nuble_52",1970-01-01-00:00,2050-01-01-00:00,true,0
"Profile_Eolica_Nuble_53",1970-01-01-00:00,2050-01-01-00:00,true,0
"Profile_Eolica_Nuble_54",1970-01-01-00:00,2050-01-01-00:00,true,0
"Profile_Eolica_Nuble_55",1970-01-01-00:00,2050-01-01-00:00,true,0
"Profile_Eolica_Biobio_56",1970-01-01-00:00,2050-01-01-00:00,true,0
"Profile_Eolica_Biobio_58",1970-01-01-00:00,2050-01-01-00:00,true,0
"Profile_Eolica_Biobio_59",1970-01-01-00:00,2050-01-01-00:00,true,0
"Profile_Eolica_Biobio_60",1970-01-01-00:00,2050-01-01-00:00,true,0
"Profile_Eolica_Biobio_61",1970-01-01-00:00,2050-01-01-00:00,true,0
"Profile_Eolica_Biobio_62",1970-01-01-00:00,2050-01-01-00:00,true,0
"Profile_Eolica_Biobio_63",1970-01-01-00:00,2050-01-01-00:00,true,0
"Profile_Eolica_Biobio_64",1970-01-01-00:00,2050-01-01-00:00,true,0
"Profile_Eolica_Biobio_65",1970-01-01-00:00,2050-01-01-00:00,true,0
"Profile_Eolica_Biobio_66",1970-01-01-00:00,2050-01-01-00:00,true,0
"Profile_Eolica_Biobio_67",1970-01-01-00:00,2050-01-01-00:00,true,0
"Profile_Eolica_Biobio_68",1970-01-01-00:00,2050-01-01-00:00,true,0
"Profile_Eolica_Biobio_69",1970-01-01-00:00,2050-01-01-00:00,true,0
"Profile_Eolica_Biobio_70",1970-01-01-00:00,2050-01-01-00:00,true,0
"Profile_Eolica_Biobio_71",1970-01-01-00:00,2050-01-01-00:00,true,0
"Profile_Eolica_Biobio_72",1970-01-01-00:00,2050-01-01-00:00,true,0
"Profile_Eolica_araucania_75",1970-01-01-00:00,2050-01-01-00:00,true,0
"Profile_Eolica_araucania_76",1970-01-01-00:00,2050-01-01-00:00,true,0
"Profile_Eolica_araucania_77",1970-01-01-00:00,2050-01-01-00:00,true,0
"Profile_Eolica_araucania_78",1970-01-01-00:00,2050-01-01-00:00,true,0
"Profile_Eolica_araucania_79",1970-01-01-00:00,2050-01-01-00:00,true,0
"Profile_Eolica_araucania_80",1970-01-01-00:00,2050-01-01-00:00,true,0
"Profile_Eolica_araucania_81",1970-01-01-00:00,2050-01-01-00:00,true,0
"Profile_Eolica_araucania_82",1970-01-01-00:00,2050-01-01-00:00,true,0
"Profile_Eolica_araucania_83",1970-01-01-00:00,2050-01-01-00:00,true,0
"Profile_Eolica_araucania_84",1970-01-01-00:00,2050-01-01-00:00,true,0
"Profile_Eolica_araucania_85",1970-01-01-00:00,2050-01-01-00:00,true,0
"Profile_Eolica_araucania_86",1970-01-01-00:00,2050-01-01-00:00,true,0
"Profile_Eolica_LosRios_87",1970-01-01-00:00,2050-01-01-00:00,true,0
"Profile_Eolica_LosRios_88",1970-01-01-00:00,2050-01-01-00:00,true,0
"Profile_Eolica_LosRios_89",1970-01-01-00:00,2050-01-01-00:00,true,0
"Profile_Eolica_LosRios_90",1970-01-01-00:00,2050-01-01-00:00,true,0
"Profile_Eolica_LosRios_91",1970-01-01-00:00,2050-01-01-00:00,true,0
"Profile_Eolica_LosRios_92",1970-01-01-00:00,2050-01-01-00:00,true,0
"Profile_Eolica_LosRios_93",1970-01-01-00:00,2050-01-01-00:00,true,0
"Profile_Eolica_LosRios_94",1970-01-01-00:00,2050-01-01-00:00,true,0
"Profile_Eolica_LosRios_95",1970-01-01-00:00,2050-01-01-00:00,true,0
"Profile_Eolica_LosRios_96",1970-01-01-00:00,2050-01-01-00:00,true,0
"Profile_Eolica_LosRios_97",1970-01-01-00:00,2050-01-01-00:00,true,0
"Profile_Eolica_LosRios_98",1970-01-01-00:00,2050-01-01-00:00,true,0
"Profile_Eolica_LosRios_99",1970-01-01-00:00,2050-01-01-00:00,true,0
"Profile_Eolica_LosRios_100",1970-01-01-00:00,2050-01-01-00:00,true,0
"Profile_Eolica_LosRios_101",1970-01-01-00:00,2050-01-01-00:00,true,0
"Profile_Eolica_LosRios_102",1970-01-01-00:00,2050-01-01-00:00,true,0
"Profile_Eolica_LosRios_103",1970-01-01-00:00,2050-01-01-00:00,true,0
"Profile_Eolica_LosLagos_105",1970-01-01-00:00,2050-01-01-00:00,true,0
"Profile_Eolica_LosLagos_106",1970-01-01-00:00,2050-01-01-00:00,true,0
"Profile_Eolica_LosLagos_107",1970-01-01-00:00,2050-01-01-00:00,true,0
"Profile_Eolica_LosLagos_108",1970-01-01-00:00,2050-01-01-00:00,true,0
"Profile_Eolica_LosLagos_109",1970-01-01-00:00,2050-01-01-00:00,true,0
"Profile_Eolica_LosLagos_111",1970-01-01-00:00,2050-01-01-00:00,true,0
"Profile_Eolica_LosLagos_112",1970-01-01-00:00,2050-01-01-00:00,true,0
"Profile_Eolica_LosLagos_113",1970-01-01-00:00,2050-01-01-00:00,true,0
"Profile_Eolica_LosLagos_114",1970-01-01-00:00,2050-01-01-00:00,true,0
"Profile_Eolica_LosLagos_117",1970-01-01-00:00,2050-01-01-00:00,true,0
"Profile_Eolica_LosLagos_118",1970-01-01-00:00,2050-01-01-00:00,true,0
"Profile_Eolica_LosLagos_123",1970-01-01-00:00,2050-01-01-00:00,true,0
"Profile_Eolica_LosLagos_124",1970-01-01-00:00,2050-01-01-00:00,true,0
"Profile_Eolica_LosLagos_125",1970-01-01-00:00,2050-01-01-00:00,true,0
"Profile_Eolica_LosLagos_126",1970-01-01-00:00,2050-01-01-00:00,true,0
"Profile_Eolica_LosLagos_127",1970-01-01-00:00,2050-01-01-00:00,true,0
"Profile_Eolica_LosLagos_128",1970-01-01-00:00,2050-01-01-00:00,true,0
"Profile_Eolica_LosLagos_130",1970-01-01-00:00,2050-01-01-00:00,true,0
"Profile_Eolica_Antofagasta_15",1970-01-01-00:00,2050-01-01-00:00,true,0
"Profile_Eolica_Antofagasta_16",1970-01-01-00:00,2050-01-01-00:00,true,0
"Profile_FV_Arica_01",1970-01-01-00:00,2050-01-01-00:00,true,0
"Profile_FV_Arica_02",1970-01-01-00:00,2050-01-01-00:00,true,0
"Profile_FV_Arica_04",1970-01-01-00:00,2050-01-01-00:00,true,0
"Profile_FV_Arica_05",1970-01-01-00:00,2050-01-01-00:00,true,0
"Profile_FV_Tarapaca_10",1970-01-01-00:00,2050-01-01-00:00,true,0
"Profile_FV_Tarapaca_11",1970-01-01-00:00,2050-01-01-00:00,true,0
"Profile_FV_Tarapaca_12",1970-01-01-00:00,2050-01-01-00:00,true,0
"Profile_FV_Tarapaca_13",1970-01-01-00:00,2050-01-01-00:00,true,0
"Profile_FV_Tarapaca_14",1970-01-01-00:00,2050-01-01-00:00,true,0
"Profile_FV_Tarapaca_15",1970-01-01-00:00,2050-01-01-00:00,true,0
"Profile_FV_Tarapaca_16",1970-01-01-00:00,2050-01-01-00:00,true,0
"Profile_FV_Tarapaca_17",1970-01-01-00:00,2050-01-01-00:00,true,0
"Profile_FV_Tarapaca_18",1970-01-01-00:00,2050-01-01-00:00,true,0
"Profile_FV_Tarapaca_19",1970-01-01-00:00,2050-01-01-00:00,true,0
"Profile_FV_Antofagasta_22",1970-01-01-00:00,2050-01-01-00:00,true,0
"Profile_FV_Antofagasta_23",1970-01-01-00:00,2050-01-01-00:00,true,0
"Profile_FV_Antofagasta_24",1970-01-01-00:00,2050-01-01-00:00,true,0
"Profile_FV_Antofagasta_27",1970-01-01-00:00,2050-01-01-00:00,true,0
"Profile_FV_Antofagasta_28",1970-01-01-00:00,2050-01-01-00:00,true,0
"Profile_FV_Antofagasta_29",1970-01-01-00:00,2050-01-01-00:00,true,0
"Profile_FV_Antofagasta_30",1970-01-01-00:00,2050-01-01-00:00,true,0
"Profile_FV_Antofagasta_32",1970-01-01-00:00,2050-01-01-00:00,true,0
"Profile_FV_Antofagasta_33",1970-01-01-00:00,2050-01-01-00:00,true,0
"Profile_FV_Antofagasta_34",1970-01-01-00:00,2050-01-01-00:00,true,0
"Profile_FV_Antofagasta_35",1970-01-01-00:00,2050-01-01-00:00,true,0
"Profile_FV_Antofagasta_36",1970-01-01-00:00,2050-01-01-00:00,true,0
"Profile_FV_Antofagasta_37",1970-01-01-00:00,2050-01-01-00:00,true,0
"Profile_FV_Antofagasta_38",1970-01-01-00:00,2050-01-01-00:00,true,0
"Profile_FV_Antofagasta_39",1970-01-01-00:00,2050-01-01-00:00,true,0
"Profile_FV_Antofagasta_40",1970-01-01-00:00,2050-01-01-00:00,true,0
"Profile_FV_Antofagasta_42",1970-01-01-00:00,2050-01-01-00:00,true,0
"Profile_FV_Antofagasta_43",1970-01-01-00:00,2050-01-01-00:00,true,0
"Profile_FV_Antofagasta_44",1970-01-01-00:00,2050-01-01-00:00,true,0
"Profile_FV_Antofagasta_45",1970-01-01-00:00,2050-01-01-00:00,true,0
"Profile_FV_Antofagasta_49",1970-01-01-00:00,2050-01-01-00:00,true,0
"Profile_FV_Antofagasta_50",1970-01-01-00:00,2050-01-01-00:00,true,0
"Profile_FV_Atacama_52",1970-01-01-00:00,2050-01-01-00:00,true,0
"Profile_FV_Atacama_53",1970-01-01-00:00,2050-01-01-00:00,true,0
"Profile_FV_Atacama_57",1970-01-01-00:00,2050-01-01-00:00,true,0
"Profile_FV_Atacama_58",1970-01-01-00:00,2050-01-01-00:00,true,0
"Profile_FV_Atacama_59",1970-01-01-00:00,2050-01-01-00:00,true,0
"Profile_FV_Atacama_62",1970-01-01-00:00,2050-01-01-00:00,true,0
"Profile_FV_Atacama_63",1970-01-01-00:00,2050-01-01-00:00,true,0
"Profile_FV_Atacama_64",1970-01-01-00:00,2050-01-01-00:00,true,0
"Profile_FV_Atacama_65",1970-01-01-00:00,2050-01-01-00:00,true,0
"Profile_FV_Atacama_68",1970-01-01-00:00,2050-01-01-00:00,true,0
"Profile_FV_Atacama_69",1970-01-01-00:00,2050-01-01-00:00,true,0
"Profile_FV_Atacama_70",1970-01-01-00:00,2050-01-01-00:00,true,0
"Profile_FV_Atacama_74",1970-01-01-00:00,2050-01-01-00:00,true,0
"Profile_FV_Atacama_75",1970-01-01-00:00,2050-01-01-00:00,true,0
"Profile_FV_Coquimbo_77",1970-01-01-00:00,2050-01-01-00:00,true,0
"Profile_FV_Coquimbo_78",1970-01-01-00:00,2050-01-01-00:00,true,0
"Profile_FV_Coquimbo_79",1970-01-01-00:00,2050-01-01-00:00,true,0
"Profile_FV_Coquimbo_81",1970-01-01-00:00,2050-01-01-00:00,true,0
"Profile_FV_Coquimbo_82",1970-01-01-00:00,2050-01-01-00:00,true,0
"Profile_FV_Coquimbo_83",1970-01-01-00:00,2050-01-01-00:00,true,0
"Profile_FV_Coquimbo_85",1970-01-01-00:00,2050-01-01-00:00,true,0
"Profile_FV_Coquimbo_86",1970-01-01-00:00,2050-01-01-00:00,true,0
"Profile_FV_Coquimbo_87",1970-01-01-00:00,2050-01-01-00:00,true,0
"Profile_FV_Coquimbo_89",1970-01-01-00:00,2050-01-01-00:00,true,0
"Profile_FV_Coquimbo_90",1970-01-01-00:00,2050-01-01-00:00,true,0
"Profile_FV_Coquimbo_91",1970-01-01-00:00,2050-01-01-00:00,true,0
"Profile_FV_Coquimbo_92",1970-01-01-00:00,2050-01-01-00:00,true,0
"Profile_FV_Coquimbo_93",1970-01-01-00:00,2050-01-01-00:00,true,0
"Profile_FV_Coquimbo_94",1970-01-01-00:00,2050-01-01-00:00,true,0
"Profile_FV_Coquimbo_95",1970-01-01-00:00,2050-01-01-00:00,true,0
"Profile_FV_Coquimbo_99",1970-01-01-00:00,2050-01-01-00:00,true,0
"Profile_FV_Valparaiso_101",1970-01-01-00:00,2050-01-01-00:00,true,0
"Profile_FV_Valparaiso_102",1970-01-01-00:00,2050-01-01-00:00,true,0
"Profile_FV_Valparaiso_105",1970-01-01-00:00,2050-01-01-00:00,true,0
"Profile_FV_Valparaiso_106",1970-01-01-00:00,2050-01-01-00:00,true,0
"Profile_FV_Valparaiso_107",1970-01-01-00:00,2050-01-01-00:00,true,0
"Profile_FV_Valparaiso_109",1970-01-01-00:00,2050-01-01-00:00,true,0
"Profile_FV_Valparaiso_110",1970-01-01-00:00,2050-01-01-00:00,true,0
"Profile_FV_Valparaiso_111",1970-01-01-00:00,2050-01-01-00:00,true,0
"Profile_FV_Valparaiso_115",1970-01-01-00:00,2050-01-01-00:00,true,0
"Profile_FV_Metropolitana_117",1970-01-01-00:00,2050-01-01-00:00,true,0
"Profile_FV_Metropolitana_118",1970-01-01-00:00,2050-01-01-00:00,true,0
"Profile_FV_Metropolitana_120",1970-01-01-00:00,2050-01-01-00:00,true,0
"Profile_FV_Metropolitana_121",1970-01-01-00:00,2050-01-01-00:00,true,0
"Profile_FV_Metropolitana_122",1970-01-01-00:00,2050-01-01-00:00,true,0
"Profile_FV_Metropolitana_123",1970-01-01-00:00,2050-01-01-00:00,true,0
"Profile_FV_Metropolitana_127",1970-01-01-00:00,2050-01-01-00:00,true,0
"Profile_FV_Ohiggins_129",1970-01-01-00:00,2050-01-01-00:00,true,0
"Profile_FV_Ohiggins_130",1970-01-01-00:00,2050-01-01-00:00,true,0
"Profile_FV_Ohiggins_131",1970-01-01-00:00,2050-01-01-00:00,true,0
"Profile_FV_Ohiggins_133",1970-01-01-00:00,2050-01-01-00:00,true,0
"Profile_FV_Ohiggins_134",1970-01-01-00:00,2050-01-01-00:00,true,0
"Profile_FV_Ohiggins_135",1970-01-01-00:00,2050-01-01-00:00,true,0
"Profile_FV_Ohiggins_137",1970-01-01-00:00,2050-01-01-00:00,true,0
"Profile_FV_Ohiggins_139",1970-01-01-00:00,2050-01-01-00:00,true,0
"Profile_FV_Maule_142",1970-01-01-00:00,2050-01-01-00:00,true,0
"Profile_FV_Maule_143",1970-01-01-00:00,2050-01-01-00:00,true,0
"Profile_FV_Maule_144",1970-01-01-00:00,2050-01-01-00:00,true,0
"Profile_FV_Maule_146",1970-01-01-00:00,2050-01-01-00:00,true,0
"Profile_FV_Maule_147",1970-01-01-00:00,2050-01-01-00:00,true,0
"Profile_FV_Maule_148",1970-01-01-00:00,2050-01-01-00:00,true,0
"Profile_FV_Maule_149",1970-01-01-00:00,2050-01-01-00:00,true,0
"Profile_FV_Maule_151",1970-01-01-00:00,2050-01-01-00:00,true,0
"Profile_FV_Maule_152",1970-01-01-00:00,2050-01-01-00:00,true,0
"Profile_FV_Maule_153",1970-01-01-00:00,2050-01-01-00:00,true,0
"Profile_FV_Maule_154",1970-01-01-00:00,2050-01-01-00:00,true,0
"Profile_FV_Maule_158",1970-01-01-00:00,2050-01-01-00:00,true,0
"Profile_FV_Nuble_161",1970-01-01-00:00,2050-01-01-00:00,true,0
"Profile_FV_Nuble_162",1970-01-01-00:00,2050-01-01-00:00,true,0
"Profile_FV_Nuble_163",1970-01-01-00:00,2050-01-01-00:00,true,0
"Profile_FV_Nuble_164",1970-01-01-00:00,2050-01-01-00:00,true,0
"Profile_FV_Nuble_165",1970-01-01-00:00,2050-01-01-00:00,true,0
"Profile_FV_Nuble_166",1970-01-01-00:00,2050-01-01-00:00,true,0
"Profile_FV_Nuble_169",1970-01-01-00:00,2050-01-01-00:00,true,0
"Profile_FV_Biobio_173",1970-01-01-00:00,2050-01-01-00:00,true,0
"Profile_FV_Biobio_174",1970-01-01-00:00,2050-01-01-00:00,true,0
"Profile_FV_Biobio_176",1970-01-01-00:00,2050-01-01-00:00,true,0
"Profile_FV_Biobio_178",1970-01-01-00:00,2050-01-01-00:00,true,0
"Profile_FV_Biobio_179",1970-01-01-00:00,2050-01-01-00:00,true,0
"Profile_FV_Biobio_180",1970-01-01-00:00,2050-01-01-00:00,true,0
"Profile_FV_Biobio_181",1970-01-01-00:00,2050-01-01-00:00,true,0
"Profile_FV_Biobio_182",1970-01-01-00:00,2050-01-01-00:00,true,0
"Profile_FV_Biobio_183",1970-01-01-00:00,2050-01-01-00:00,true,0
"Profile_FV_Biobio_184",1970-01-01-00:00,2050-01-01-00:00,true,0
"Profile_FV_Biobio_185",1970-01-01-00:00,2050-01-01-00:00,true,0
"Profile_FV_Biobio_189",1970-01-01-00:00,2050-01-01-00:00,true,0
"Profile_FV_Araucania_199",1970-01-01-00:00,2050-01-01-00:00,true,0
"Profile_FV_Araucania_200",1970-01-01-00:00,2050-01-01-00:00,true,0
"Profile_FV_Araucania_201",1970-01-01-00:00,2050-01-01-00:00,true,0
"Profile_FV_Araucania_203",1970-01-01-00:00,2050-01-01-00:00,true,0
"Profile_FV_Araucania_204",1970-01-01-00:00,2050-01-01-00:00,true,0
"Profile_FV_Araucania_205",1970-01-01-00:00,2050-01-01-00:00,true,0
"Profile_FV_Araucania_206",1970-01-01-00:00,2050-01-01-00:00,true,0
"Profile_FV_Araucania_208",1970-01-01-00:00,2050-01-01-00:00,true,0
"Profile_FV_Araucania_210",1970-01-01-00:00,2050-01-01-00:00,true,0
"Profile_FV_Nuble_167",1970-01-01-00:00,2050-01-01-00:00,true,0
"profile 1",1970-01-01-00:00,2050-01-01-00:00,true,0
